key;GCA;GCF;larger
1;1950;1824;GCA
2;3337;3348;GCF
3;6718;6543;GCA
4;2773;2731;GCA
5;1454;1484;GCF
6;2640;2582;GCA
7;3892;3816;GCA
8;3378;3515;GCF
9;3299;3364;GCF
10;3092;3076;GCA
11;4383;2397;GCA
12;3173;3124;GCA
13;2911;2919;GCF
14;3732;3703;GCA
15;3263;3224;GCA
16;3539;3546;GCF
17;2662;2665;GCF
18;3605;3378;GCA
19;2017;2005;GCA
20;1899;1882;GCA
21;1352;1326;GCA
22;6097;6103;GCF
23;5895;5845;GCA
24;5587;5614;GCF
25;5461;5414;GCA
26;5384;5343;GCA
27;5354;5309;GCA
28;6248;6238;GCA
29;6191;6221;GCF
30;6200;6213;GCF
31;5622;5619;GCA
32;5756;5699;GCA
33;6659;6607;GCA
34;6766;6708;GCA
35;5779;5753;GCA
36;5633;5651;GCF
37;6227;6273;GCF
38;6242;6173;GCA
39;6279;6247;GCA
40;5792;5753;GCA
41;5481;5450;GCA
42;5339;5330;GCA
43;6529;6531;GCF
44;5868;5848;GCA
45;5243;5186;GCA
46;6386;6300;GCA
47;5825;5819;GCA
48;5914;5965;GCF
49;2164;2173;GCF
50;2296;2255;GCA
51;3194;3240;GCF
52;3089;3103;GCF
53;3911;3931;GCF
54;3166;3168;GCF
55;3336;3169;GCA
56;2797;2652;GCA
57;3086;3043;GCA
58;3020;3007;GCA
59;2738;2722;GCA
60;4589;4624;GCF
61;3840;3763;GCA
62;3271;3201;GCA
63;4041;4006;GCA
64;3508;3458;GCA
65;3102;3056;GCA
66;2829;2838;GCF
67;3615;3585;GCA
68;3466;3486;GCF
69;3625;3560;GCA
70;3601;3606;GCF
71;2707;2714;GCF
72;2888;2886;GCA
73;4367;4159;GCA
74;3916;3973;GCF
75;4385;4128;GCA
76;3317;3266;GCA
77;3603;3187;GCA
78;3148;3090;GCA
79;3503;3147;GCA
80;3347;3272;GCA
81;2549;2464;GCA
82;3807;3765;GCA
83;3658;3668;GCF
84;2930;2881;GCA
85;3216;3094;GCA
86;3056;3021;GCA
87;3430;3369;GCA
88;4432;4366;GCA
89;2531;2514;GCA
90;3170;3147;GCA
91;3173;3209;GCF
92;3532;3480;GCA
93;3654;3678;GCF
94;10700;10476;GCA
95;8146;7998;GCA
96;10409;10127;GCA
97;1626;1605;GCA
98;1956;1948;GCA
99;2068;1989;GCA
100;2209;2128;GCA
101;2095;2070;GCA
102;2246;2233;GCA
103;7299;7075;GCA
104;5806;5741;GCA
105;10735;10453;GCA
106;6794;6321;GCA
107;6191;6240;GCF
108;6561;6493;GCA
109;6617;6515;GCA
110;6719;6813;GCF
111;5942;5915;GCA
112;7319;7152;GCA
113;8928;8440;GCA
114;9401;9251;GCA
115;9668;9809;GCF
116;8853;8668;GCA
117;9446;9723;GCF
118;2167;2057;GCA
119;2434;2463;GCF
120;2303;2252;GCA
121;1887;1909;GCF
122;1701;1704;GCF
123;2715;2714;GCA
124;2195;2259;GCF
125;2342;2452;GCF
126;2561;2514;GCA
127;1982;2007;GCF
128;8134;8203;GCF
129;9432;9273;GCA
130;7339;7416;GCF
131;8607;8420;GCA
132;10254;10008;GCA
133;10523;10219;GCA
134;9246;9259;GCF
135;10147;9935;GCA
136;7225;6986;GCA
137;9744;9520;GCA
138;10134;9931;GCA
139;9772;9483;GCA
140;7049;6643;GCA
141;4594;4509;GCA
142;4020;3864;GCA
143;1661;1667;GCF
144;3668;3671;GCF
145;4784;4802;GCF
146;1974;1892;GCA
147;2225;2248;GCF
148;2466;2393;GCA
149;2281;2262;GCA
150;2171;2220;GCF
151;4353;4353;same
152;2767;2754;GCA
153;3225;3162;GCA
154;3593;3450;GCA
155;1292;1229;GCA
156;1428;1457;GCF
157;1259;1266;GCF
158;1761;1769;GCF
159;1914;1870;GCA
160;3277;3283;GCF
161;3880;3824;GCA
162;3891;3951;GCF
163;4159;4158;GCA
164;4358;3903;GCA
165;1645;1616;GCA
166;1714;1655;GCA
167;2650;2537;GCA
168;3736;3729;GCA
169;3292;3255;GCA
170;3998;4012;GCF
171;4181;4182;GCF
172;3612;3543;GCA
173;3983;3941;GCA
174;2898;2892;GCA
175;2568;2581;GCF
176;2065;2076;GCF
177;1872;1852;GCA
178;5806;4899;GCA
179;5284;5179;GCA
180;4584;4573;GCA
181;4636;4588;GCA
182;2699;2692;GCA
183;2839;2834;GCA
184;2711;2680;GCA
185;3643;3430;GCA
186;3698;3909;GCF
187;3681;3523;GCA
188;3585;3473;GCA
189;3563;3603;GCF
190;3603;3574;GCA
191;3588;3577;GCA
192;3729;3736;GCF
193;4708;4530;GCA
194;3162;3335;GCF
195;3626;3556;GCA
196;2465;2462;GCA
197;2109;2133;GCF
198;2713;2688;GCA
199;5322;5278;GCA
200;2659;2659;same
201;3744;3820;GCF
202;4521;4466;GCA
203;4141;4089;GCA
204;4665;4515;GCA
205;4676;4579;GCA
206;3552;3496;GCA
207;3377;3298;GCA
208;4232;4130;GCA
209;4027;3995;GCA
210;3084;2998;GCA
211;3811;3622;GCA
212;2936;2764;GCA
213;2917;2823;GCA
214;2356;2329;GCA
215;2815;2755;GCA
216;2641;2631;GCA
217;2859;2849;GCA
218;2312;2291;GCA
219;6785;6719;GCA
220;3592;3589;GCA
221;4293;4120;GCA
222;3837;3729;GCA
223;4296;4284;GCA
224;3490;3488;GCA
225;3251;3279;GCF
226;3297;3265;GCA
227;4038;4087;GCF
228;2463;2428;GCA
229;2760;2750;GCA
230;2742;2223;GCA
231;2118;2050;GCA
232;1852;1816;GCA
233;2403;2370;GCA
234;2417;2359;GCA
235;2288;2220;GCA
236;2859;2825;GCA
237;3464;3437;GCA
238;3218;3276;GCF
239;3327;3290;GCA
240;3140;3138;GCA
241;4345;4026;GCA
242;4643;4604;GCA
243;3973;4178;GCF
244;4174;4030;GCA
245;3481;3438;GCA
246;4576;4111;GCA
247;2744;2730;GCA
248;3552;3443;GCA
249;1534;1506;GCA
250;1630;1586;GCA
251;4556;4414;GCA
252;4628;4695;GCF
253;1448;1450;GCF
254;4626;4520;GCA
255;2165;2009;GCA
256;4752;4759;GCF
257;2648;2638;GCA
258;3426;3313;GCA
259;2086;2083;GCA
260;2784;2765;GCA
261;3189;3228;GCF
262;2678;2686;GCF
263;2712;2672;GCA
264;3079;3092;GCF
265;2773;2729;GCA
266;2656;2634;GCA
267;2767;2761;GCA
268;2968;3517;GCF
269;2684;2679;GCA
270;2660;2690;GCF
271;2513;2513;same
272;3458;3402;GCA
273;2947;2939;GCA
274;2807;2786;GCA
275;3571;3597;GCF
276;3218;3152;GCA
277;3576;3497;GCA
278;3309;3286;GCA
279;3380;3319;GCA
280;3369;3304;GCA
281;4337;4345;GCF
282;3870;3916;GCF
283;3656;3624;GCA
284;3562;3583;GCF
285;2237;2229;GCA
286;6701;6462;GCA
287;6416;6148;GCA
288;1206;1206;same
289;5126;4940;GCA
290;3308;3344;GCF
291;2411;2302;GCA
292;4536;4470;GCA
293;3581;3585;GCF
294;7533;7700;GCF
295;8115;8317;GCF
296;5495;5591;GCF
297;7716;7688;GCA
298;9211;9338;GCF
299;9088;8734;GCA
300;9919;9435;GCA
301;8625;8356;GCA
302;6665;6486;GCA
303;9100;9159;GCF
304;8677;8543;GCA
305;8553;8385;GCA
306;5915;6054;GCF
307;9807;9615;GCA
308;7691;7451;GCA
309;7262;7184;GCA
310;6878;6984;GCF
311;5637;5248;GCA
312;8495;8434;GCA
313;3942;3885;GCA
314;2839;2832;GCA
315;4034;3566;GCA
316;4658;4711;GCF
317;2069;2018;GCA
318;3093;2928;GCA
319;2707;2675;GCA
320;2253;2064;GCA
321;2111;2099;GCA
322;1806;1790;GCA
323;2079;1939;GCA
324;1764;1697;GCA
325;4656;4617;GCA
326;2331;2192;GCA
327;3699;3540;GCA
328;4258;4340;GCF
329;3605;3599;GCA
330;1916;1913;GCA
331;2100;2121;GCF
332;4551;4495;GCA
333;3585;3661;GCF
334;3369;3397;GCF
335;2771;2932;GCF
336;3556;3400;GCA
337;3532;3403;GCA
338;2926;2838;GCA
339;2640;2613;GCA
340;4832;4822;GCA
341;4322;4343;GCF
342;5275;5263;GCA
343;3267;3287;GCF
344;3279;3200;GCA
345;4311;4306;GCA
346;3506;3217;GCA
347;2678;2641;GCA
348;2867;2689;GCA
349;3483;3171;GCA
350;3516;3352;GCA
351;3465;3198;GCA
352;3576;3514;GCA
353;3585;3603;GCF
354;2256;2254;GCA
355;2085;2029;GCA
356;2291;2304;GCF
357;1436;1402;GCA
358;1405;1427;GCF
359;1534;1534;same
360;3193;3172;GCA
361;3513;3430;GCA
362;2837;2842;GCF
363;4386;4321;GCA
364;4944;4824;GCA
365;4313;4281;GCA
366;4714;4647;GCA
367;3598;3566;GCA
368;4231;4256;GCF
369;2959;2948;GCA
370;3002;2968;GCA
371;4099;4101;GCF
372;4073;4611;GCF
373;1829;1746;GCA
374;1762;1666;GCA
375;1769;1633;GCA
376;4961;4864;GCA
377;2259;2258;GCA
378;2174;2263;GCF
379;2000;2025;GCF
380;2892;2880;GCA
381;2660;2638;GCA
382;2880;2908;GCF
383;1834;1828;GCA
384;1879;1902;GCF
385;1888;1894;GCF
386;4331;4340;GCF
387;4713;4557;GCA
388;4338;4216;GCA
389;3564;3420;GCA
390;3919;3832;GCA
391;2687;2711;GCF
392;2849;2848;GCA
393;2685;2709;GCF
394;2834;2748;GCA
395;3904;3845;GCA
396;3480;3495;GCF
397;3538;3640;GCF
398;3327;3369;GCF
399;4438;4463;GCF
400;3671;3628;GCA
401;3944;3944;same
402;2849;2882;GCF
403;4254;4106;GCA
404;3595;3407;GCA
405;3772;3448;GCA
406;3016;2782;GCA
407;3796;3707;GCA
408;6501;6501;same
409;3488;3258;GCA
410;4689;4727;GCF
411;2938;2868;GCA
412;8060;7951;GCA
413;4459;4392;GCA
414;3574;3572;GCA
415;2004;1936;GCA
416;1442;1230;GCA
417;1588;1561;GCA
418;4499;4504;GCF
419;4811;4659;GCA
420;4057;4007;GCA
421;2543;2611;GCF
422;3925;3926;GCF
423;5131;5026;GCA
424;3774;3812;GCF
425;3596;3619;GCF
426;5355;5188;GCA
427;4511;4581;GCF
428;4774;4539;GCA
429;2671;2661;GCA
430;1714;1728;GCF
431;2578;2509;GCA
432;2078;1996;GCA
433;3058;3068;GCF
434;5742;5627;GCA
435;3718;3694;GCA
436;6777;6595;GCA
437;5164;5218;GCF
438;5775;5833;GCF
439;7085;6891;GCA
440;5910;5907;GCA
441;6821;6908;GCF
442;6299;6080;GCA
443;5337;5359;GCF
444;7067;6873;GCA
445;3663;3712;GCF
446;5708;5678;GCA
447;3588;3641;GCF
448;4804;4821;GCF
449;4399;4439;GCF
450;4750;4407;GCA
451;3488;3326;GCA
452;5195;5292;GCF
453;4231;4455;GCF
454;3805;3898;GCF
455;3874;3882;GCF
456;3906;3877;GCA
457;3894;3993;GCF
458;4043;4000;GCA
459;4547;4555;GCF
460;5715;5593;GCA
461;3526;3593;GCF
462;5233;5269;GCF
463;4333;4677;GCF
464;5173;4998;GCA
465;5618;5698;GCF
466;5627;5339;GCA
467;4511;4400;GCA
468;4561;4454;GCA
469;4036;4009;GCA
470;3619;2845;GCA
471;4198;4227;GCF
472;3940;3894;GCA
473;4344;4420;GCF
474;4801;4733;GCA
475;4880;5137;GCF
476;6269;5998;GCA
477;5138;5180;GCF
478;3622;3684;GCF
479;4056;4273;GCF
480;3527;3519;GCA
481;2568;2583;GCF
482;5516;5420;GCA
483;2393;2375;GCA
484;4810;4312;GCA
485;4485;3848;GCA
486;4170;4168;GCA
487;3457;3417;GCA
488;3346;2735;GCA
489;3228;3133;GCA
490;2873;2586;GCA
491;3340;2224;GCA
492;4256;3956;GCA
493;3998;3941;GCA
494;3335;3177;GCA
495;4845;4647;GCA
496;7783;7945;GCF
497;1790;1830;GCF
498;2813;2696;GCA
499;2234;2234;same
500;3334;3328;GCA
501;1658;1312;GCA
502;1380;1251;GCA
503;2075;1788;GCA
504;1336;1314;GCA
505;1454;1624;GCF
506;3680;3568;GCA
507;3376;3274;GCA
508;3616;3482;GCA
509;5726;5589;GCA
510;2334;2249;GCA
511;3227;3218;GCA
512;4197;4179;GCA
513;2961;2907;GCA
514;3055;3031;GCA
515;2172;2172;same
516;1631;1641;GCF
517;1654;1632;GCA
518;1890;1885;GCA
519;1614;1618;GCF
520;1585;1530;GCA
521;1538;1504;GCA
522;1542;1542;same
523;1561;1534;GCA
524;1869;1782;GCA
525;2000;1930;GCA
526;2106;2106;same
527;1822;1738;GCA
528;1563;1512;GCA
529;1726;1660;GCA
530;2230;1897;GCA
531;1924;1878;GCA
532;1834;1865;GCF
533;2264;2218;GCA
534;2148;2185;GCF
535;2051;2020;GCA
536;1710;1642;GCA
537;1945;1894;GCA
538;2023;2004;GCA
539;1738;1795;GCF
540;1238;1239;GCF
541;2138;2089;GCA
542;1448;1417;GCA
543;2260;2245;GCA
544;1507;1465;GCA
545;1956;1968;GCF
546;1857;1779;GCA
547;1531;1558;GCF
548;2046;2014;GCA
549;2253;2113;GCA
550;1364;1352;GCA
551;1350;1329;GCA
552;1942;2003;GCF
553;2259;2254;GCA
554;2543;2446;GCA
555;1883;1885;GCF
556;1836;1847;GCF
557;1772;1809;GCF
558;2168;2084;GCA
559;1666;1679;GCF
560;1695;1615;GCA
561;2092;2086;GCA
562;1707;1700;GCA
563;2183;2130;GCA
564;1965;1954;GCA
565;2572;2462;GCA
566;2202;2154;GCA
567;2260;2181;GCA
568;1750;1688;GCA
569;2260;2195;GCA
570;2522;2456;GCA
571;3166;3298;GCF
572;1848;1856;GCF
573;2820;2869;GCF
574;3762;3766;GCF
575;2534;2520;GCA
576;4527;4525;GCA
577;2893;2883;GCA
578;3304;3246;GCA
579;3186;3221;GCF
580;5516;5359;GCA
581;5759;5635;GCA
582;3042;3011;GCA
583;3675;3687;GCF
584;2846;2833;GCA
585;1574;1790;GCF
586;1592;1652;GCF
587;1441;1386;GCA
588;4810;4801;GCA
589;4944;4944;same
590;4164;4221;GCF
591;4121;4073;GCA
592;1369;1217;GCA
593;5478;5424;GCA
594;5922;5902;GCA
595;5899;5840;GCA
596;5006;4982;GCA
597;5055;5043;GCA
598;1617;1635;GCF
599;1518;1547;GCF
600;1715;1730;GCF
601;2409;2477;GCF
602;3079;2845;GCA
603;3046;3082;GCF
604;3605;3653;GCF
605;4446;4271;GCA
606;3173;3206;GCF
607;2623;2631;GCF
608;2809;2706;GCA
609;6780;6787;GCF
610;7348;7309;GCA
611;7737;7726;GCA
612;7900;7951;GCF
613;7442;7229;GCA
614;8348;7940;GCA
615;8622;8325;GCA
616;8019;7990;GCA
617;9162;9012;GCA
618;8189;7148;GCA
619;5264;5102;GCA
620;5109;4939;GCA
621;6425;6203;GCA
622;4346;4369;GCF
623;4535;4429;GCA
624;5945;5965;GCF
625;4866;4885;GCF
626;3509;3501;GCA
627;3344;3292;GCA
628;5029;4993;GCA
629;2432;2285;GCA
630;3077;2620;GCA
631;2020;1977;GCA
632;3951;3932;GCA
633;3424;3461;GCF
634;2683;2617;GCA
635;3409;3377;GCA
636;3272;3205;GCA
637;3531;3524;GCA
638;3076;3059;GCA
639;4218;4131;GCA
640;4478;4440;GCA
641;3217;2765;GCA
642;2918;2915;GCA
643;7594;7555;GCA
644;8065;7783;GCA
645;7540;7559;GCF
646;7717;7688;GCA
647;5789;5594;GCA
648;6206;6171;GCA
649;7182;7122;GCA
650;7087;7095;GCF
651;7620;7622;GCF
652;5951;5771;GCA
653;6313;6506;GCF
654;6043;6014;GCA
655;2641;2580;GCA
656;2811;2839;GCF
657;4135;4065;GCA
658;3877;3844;GCA
659;3836;3805;GCA
660;4062;4003;GCA
661;7465;7707;GCF
662;5938;6081;GCF
663;6732;6291;GCA
664;2292;2290;GCA
665;2666;2644;GCA
666;2286;2150;GCA
667;2618;2618;same
668;1774;1750;GCA
669;1478;1508;GCF
670;4489;4338;GCA
671;2401;2383;GCA
672;3003;2936;GCA
673;3617;3539;GCA
674;1642;1702;GCF
675;2041;1970;GCA
676;1791;1813;GCF
677;1742;1759;GCF
678;1840;1865;GCF
679;2103;2110;GCF
680;1711;1772;GCF
681;1624;1572;GCA
682;1609;1561;GCA
683;2061;1661;GCA
684;1816;1643;GCA
685;1481;1487;GCF
686;1498;1504;GCF
687;1893;1896;GCF
688;1572;1590;GCF
689;2339;2335;GCA
690;1670;1616;GCA
691;1479;1490;GCF
692;1481;1483;GCF
693;5154;5098;GCA
694;2086;2085;GCA
695;2738;2757;GCF
696;2698;2729;GCF
697;2577;2530;GCA
698;4512;4502;GCA
699;2412;2439;GCF
700;2632;2605;GCA
701;2783;2664;GCA
702;2943;2889;GCA
703;8368;8199;GCA
704;3537;3353;GCA
705;5049;5010;GCA
706;3744;3670;GCA
707;4198;4184;GCA
708;4240;4134;GCA
709;3531;3481;GCA
710;3577;3499;GCA
711;3693;4062;GCF
712;3581;3851;GCF
713;3494;3449;GCA
714;3111;3048;GCA
715;3762;3756;GCA
716;3678;3645;GCA
717;3164;3139;GCA
718;3463;3389;GCA
719;3778;3717;GCA
720;3480;3426;GCA
721;4198;4064;GCA
722;3284;3256;GCA
723;3140;3108;GCA
724;3844;3700;GCA
725;3576;3573;GCA
726;1549;1638;GCF
727;1663;1811;GCF
728;3521;3487;GCA
729;4683;4617;GCA
730;5215;5060;GCA
731;3962;3962;same
732;6099;5875;GCA
733;2284;2386;GCF
734;4356;4356;same
735;3947;3954;GCF
736;4119;4028;GCA
737;3306;3297;GCA
738;3959;3762;GCA
739;6923;6907;GCA
740;6309;6289;GCA
741;5334;5321;GCA
742;5774;5738;GCA
743;5789;5640;GCA
744;6279;6273;GCA
745;4954;4919;GCA
746;7192;7075;GCA
747;6501;6370;GCA
748;6777;6689;GCA
749;5385;5442;GCF
750;2452;2510;GCF
751;2329;2395;GCF
752;3730;3778;GCF
753;3959;3959;same
754;2685;2735;GCF
755;4733;4711;GCA
756;4851;4753;GCA
757;3506;3886;GCF
758;3995;4541;GCF
759;4497;4609;GCF
760;4273;4371;GCF
761;3458;3472;GCF
762;4285;4479;GCF
763;2118;2118;same
764;3551;3566;GCF
765;4445;4482;GCF
766;4339;4452;GCF
767;3057;2996;GCA
768;2773;2698;GCA
769;3486;3503;GCF
770;2760;2758;GCA
771;4192;4192;same
772;2446;2493;GCF
773;3739;3708;GCA
774;3487;3428;GCA
775;2681;2655;GCA
776;2639;2526;GCA
777;4516;4413;GCA
778;2786;2861;GCF
779;4445;4491;GCF
780;4032;4234;GCF
781;4922;4981;GCF
782;4155;4165;GCF
783;4627;4607;GCA
784;2849;2756;GCA
785;4309;4324;GCF
786;2088;2143;GCF
787;4060;3953;GCA
788;3192;3109;GCA
789;2625;2523;GCA
790;2170;2167;GCA
791;4159;4091;GCA
792;2356;2274;GCA
793;5448;5405;GCA
794;3948;3969;GCF
795;2855;2750;GCA
796;3037;3030;GCA
797;4668;4665;GCA
798;5189;5172;GCA
799;4694;4683;GCA
800;6398;2243;GCA
801;5032;4835;GCA
802;4524;4507;GCA
803;4667;4588;GCA
804;2901;2954;GCF
805;2786;2775;GCA
806;3665;3628;GCA
807;3551;3550;GCA
808;3924;3899;GCA
809;3848;3806;GCA
810;3871;3846;GCA
811;4754;4737;GCA
812;2572;2533;GCA
813;3166;3166;same
814;4477;4447;GCA
815;2407;2361;GCA
816;4893;4899;GCF
817;2449;2452;GCF
818;2507;2509;GCF
819;2788;2730;GCA
820;2510;2409;GCA
821;4182;4009;GCA
822;2204;2190;GCA
823;3797;3833;GCF
824;3063;2999;GCA
825;3661;3723;GCF
826;3785;3601;GCA
827;3234;3282;GCF
828;3732;3644;GCA
829;3641;3524;GCA
830;3148;3493;GCF
831;4935;4791;GCA
832;2726;2704;GCA
833;2692;2708;GCF
834;4012;4058;GCF
835;3988;3977;GCA
836;3234;3217;GCA
837;4779;4689;GCA
838;4804;4661;GCA
839;6812;6728;GCA
840;4115;4083;GCA
841;5627;5537;GCA
842;6120;6011;GCA
843;6345;6281;GCA
844;1896;1925;GCF
845;2221;2212;GCA
846;3807;3789;GCA
847;3377;3400;GCF
848;3653;3806;GCF
849;3201;3165;GCA
850;3155;3180;GCF
851;4177;4024;GCA
852;3772;3719;GCA
853;4575;4570;GCA
854;4132;4072;GCA
855;2199;2198;GCA
856;2337;2370;GCF
857;2515;2546;GCF
858;2653;2695;GCF
859;2261;2229;GCA
860;3423;3406;GCA
861;2417;2425;GCF
862;4300;4208;GCA
863;1589;1532;GCA
864;3290;3243;GCA
865;3120;3018;GCA
866;3748;3726;GCA
867;3643;3652;GCF
868;4102;4003;GCA
869;3239;3232;GCA
870;2333;2179;GCA
871;2155;2075;GCA
872;2013;2381;GCF
873;2557;2378;GCA
874;2069;2094;GCF
875;2249;2210;GCA
876;2535;2562;GCF
877;2308;2047;GCA
878;2492;2529;GCF
879;2120;2116;GCA
880;1801;2159;GCF
881;2521;2457;GCA
882;2094;2054;GCA
883;2600;2473;GCA
884;2235;2248;GCF
885;2362;2389;GCF
886;2114;2111;GCA
887;2018;2014;GCA
888;2104;2023;GCA
889;2550;2493;GCA
890;2584;2567;GCA
891;2028;1996;GCA
892;2049;2023;GCA
893;1846;1777;GCA
894;2430;2437;GCF
895;2187;2152;GCA
896;2146;1984;GCA
897;2461;2481;GCF
898;2283;2283;same
899;2560;2423;GCA
900;2561;2528;GCA
901;1827;2283;GCF
902;2380;2492;GCF
903;2510;2509;GCA
904;2493;2349;GCA
905;2201;2189;GCA
906;2232;2203;GCA
907;2005;1951;GCA
908;1922;2135;GCF
909;3039;2965;GCA
910;2577;2550;GCA
911;2304;2323;GCF
912;3195;3245;GCF
913;3527;3525;GCA
914;2981;3028;GCF
915;2660;2753;GCF
916;2529;2448;GCA
917;3655;3678;GCF
918;2987;3031;GCF
919;3064;3069;GCF
920;3958;4052;GCF
921;4113;4207;GCF
922;4000;4088;GCF
923;3801;3730;GCA
924;4129;4191;GCF
925;4488;4165;GCA
926;4076;4031;GCA
927;4219;4203;GCA
928;3053;2994;GCA
929;4260;3936;GCA
930;5697;5744;GCF
931;6268;6362;GCF
932;7151;6972;GCA
933;5030;5022;GCA
934;5897;5628;GCA
935;3414;3089;GCA
936;2358;2286;GCA
937;2328;2245;GCA
938;1805;1686;GCA
939;5000;4875;GCA
940;4810;4281;GCA
941;5262;5177;GCA
942;4427;4488;GCF
943;5438;5290;GCA
944;11289;11082;GCA
945;3702;3588;GCA
946;3147;3147;same
947;4310;4294;GCA
948;3071;3039;GCA
949;2428;2438;GCF
950;3475;3304;GCA
951;2806;2828;GCF
952;1815;1816;GCF
953;1603;1513;GCA
954;2149;2060;GCA
955;3608;3508;GCA
956;4446;4280;GCA
957;3705;3604;GCA
958;3318;3248;GCA
959;3600;3681;GCF
960;3733;3573;GCA
961;5845;5774;GCA
962;4061;3964;GCA
963;3676;3733;GCF
964;5577;5195;GCA
965;4153;4065;GCA
966;2911;2993;GCF
967;3978;4043;GCF
968;4183;4239;GCF
969;2632;2609;GCA
970;4056;4065;GCF
971;3346;3280;GCA
972;5289;5184;GCA
973;5700;5641;GCA
974;4679;4562;GCA
975;3233;3197;GCA
976;4790;4770;GCA
977;4163;3808;GCA
978;1762;1893;GCF
979;2719;2719;same
980;2796;2712;GCA
981;2313;2211;GCA
982;4659;4506;GCA
983;3644;3599;GCA
984;5056;4944;GCA
985;5255;5181;GCA
986;5240;5192;GCA
987;1294;1294;same
988;3178;3122;GCA
989;3809;3663;GCA
990;2721;2689;GCA
991;3959;3423;GCA
992;2526;2431;GCA
993;2924;2905;GCA
994;5153;5134;GCA
995;5109;4931;GCA
996;3582;3458;GCA
997;6742;6477;GCA
998;2925;2990;GCF
999;5574;5617;GCF
1000;4594;4422;GCA
1001;5242;5250;GCF
1002;6019;6019;same
1003;3344;3182;GCA
1004;4058;4079;GCF
1005;3341;3233;GCA
1006;1462;1462;same
1007;2921;2984;GCF
1008;2583;2560;GCA
1009;1617;1657;GCF
1010;1421;1421;same
1011;5393;4798;GCA
1012;3641;3583;GCA
1013;2562;2504;GCA
1014;3957;4068;GCF
1015;3703;3567;GCA
1016;1243;1140;GCA
1017;1154;1161;GCF
1018;1222;1216;GCA
1019;4259;4253;GCA
1020;4079;4059;GCA
1021;7719;7140;GCA
1022;7470;6971;GCA
1023;8316;7672;GCA
1024;1744;1811;GCF
1025;3014;2766;GCA
1026;3358;3278;GCA
1027;3346;3934;GCF
1028;5399;5398;GCA
1029;2238;2209;GCA
1030;1752;1667;GCA
1031;3192;3193;GCF
1032;3171;3172;GCF
1033;3405;3469;GCF
1034;3189;3227;GCF
1035;4280;4172;GCA
1036;3277;2966;GCA
1037;2845;2776;GCA
1038;2256;2255;GCA
1039;4344;4350;GCF
1040;5920;5925;GCF
1041;5864;5831;GCA
1042;5983;5930;GCA
1043;6490;6455;GCA
1044;6566;6507;GCA
1045;5989;5933;GCA
1046;5642;5626;GCA
1047;5314;5382;GCF
1048;5718;5606;GCA
1049;4128;4125;GCA
1050;4607;4639;GCF
1051;3670;3679;GCF
1052;4146;4110;GCA
1053;4040;4060;GCF
1054;4332;4366;GCF
1055;4540;4489;GCA
1056;4188;4171;GCA
1057;4048;4055;GCF
1058;7174;7184;GCF
1059;3643;3652;GCF
1060;3862;3757;GCA
1061;4015;3863;GCA
1062;3351;3303;GCA
1063;4695;4640;GCA
1064;4547;4341;GCA
1065;3519;3405;GCA
1066;4943;4891;GCA
1067;3731;3642;GCA
1068;4383;4103;GCA
1069;6103;6014;GCA
1070;3322;3312;GCA
1071;3070;3046;GCA
1072;3038;3051;GCF
1073;3375;3371;GCA
1074;4061;4113;GCF
1075;6376;6259;GCA
1076;3460;3404;GCA
1077;3877;3902;GCF
1078;2055;2095;GCF
1079;3793;3753;GCA
1080;3310;3883;GCF
1081;3576;3556;GCA
1082;3383;3388;GCF
1083;3423;3322;GCA
1084;4155;4543;GCF
1085;1943;1947;GCF
1086;6021;5473;GCA
1087;5327;5347;GCF
1088;6233;6111;GCA
1089;6251;2743;GCA
1090;4233;4249;GCF
1091;4918;4868;GCA
1092;4359;4309;GCA
1093;5518;5161;GCA
1094;4573;4639;GCF
1095;4763;4742;GCA
1096;4278;4284;GCF
1097;4707;4675;GCA
1098;4371;4328;GCA
1099;6075;6104;GCF
1100;5356;5284;GCA
1101;5090;4982;GCA
1102;2491;2454;GCA
1103;2342;2303;GCA
1104;4512;4361;GCA
1105;2454;2497;GCF
1106;3373;3237;GCA
1107;3548;3175;GCA
1108;3460;3286;GCA
1109;2382;2281;GCA
1110;2330;2288;GCA
1111;3032;3031;GCA
1112;2800;2847;GCF
1113;2636;2588;GCA
1114;2672;2629;GCA
1115;3230;3104;GCA
1116;2844;2787;GCA
1117;2702;2642;GCA
1118;2674;2572;GCA
1119;2507;2422;GCA
1120;2255;2201;GCA
1121;3833;3765;GCA
1122;2818;2796;GCA
1123;3426;3375;GCA
1124;4095;3977;GCA
1125;3190;3149;GCA
1126;2550;2513;GCA
1127;2669;2556;GCA
1128;4462;4455;GCA
1129;2271;2185;GCA
1130;2603;2430;GCA
1131;4486;4303;GCA
1132;3321;3281;GCA
1133;3077;3069;GCA
1134;5107;4987;GCA
1135;3521;3453;GCA
1136;2824;2871;GCF
1137;2789;2812;GCF
1138;3952;3922;GCA
1139;2411;2158;GCA
1140;3253;3269;GCF
1141;2582;2519;GCA
1142;2700;2619;GCA
1143;3672;3603;GCA
1144;3824;3866;GCF
1145;2370;2373;GCF
1146;3209;3240;GCF
1147;4803;4397;GCA
1148;4376;4534;GCF
1149;4399;4390;GCA
1150;2490;2396;GCA
1151;3736;3753;GCF
1152;3799;3480;GCA
1153;2039;2028;GCA
1154;2271;2260;GCA
1155;1626;1604;GCA
1156;4459;4089;GCA
1157;5242;3411;GCA
1158;5759;4876;GCA
1159;4594;4322;GCA
1160;7389;7389;same
1161;5060;4959;GCA
1162;4765;4720;GCA
1163;5025;4881;GCA
1164;4774;4684;GCA
1165;4160;4160;same
1166;4579;3958;GCA
1167;1691;1568;GCA
1168;2397;2397;same
1169;4266;4223;GCA
1170;2971;2965;GCA
1171;3238;3277;GCF
1172;3492;3597;GCF
1173;1629;1604;GCA
1174;3643;3629;GCA
1175;2514;2536;GCF
1176;2948;2892;GCA
1177;2895;2874;GCA
1178;1774;1732;GCA
1179;2008;1968;GCA
1180;3210;2921;GCA
1181;1757;1758;GCF
1182;4350;4341;GCA
1183;3963;3863;GCA
1184;3828;3856;GCF
1185;3148;3000;GCA
1186;1142;1145;GCF
1187;1336;1292;GCA
1188;1474;1472;GCA
1189;5866;6040;GCF
1190;4145;4160;GCF
1191;2002;1980;GCA
1192;2178;2202;GCF
1193;1618;1590;GCA
1194;2162;2162;same
1195;2214;2274;GCF
1196;2349;2342;GCA
1197;2391;2386;GCA
1198;2250;1576;GCA
1199;1972;1878;GCA
1200;2568;2347;GCA
1201;3398;3009;GCA
1202;2599;2590;GCA
1203;3023;3054;GCF
1204;3871;3870;GCA
1205;2455;2315;GCA
1206;3733;3791;GCF
1207;3150;3169;GCF
1208;4602;4423;GCA
1209;1656;1628;GCA
1210;3484;3501;GCF
1211;4403;4431;GCF
1212;3829;3801;GCA
1213;3589;3531;GCA
1214;3198;3134;GCA
1215;3894;3478;GCA
1216;3426;3417;GCA
1217;3156;3076;GCA
1218;3376;3355;GCA
1219;4008;3984;GCA
1220;4811;4882;GCF
1221;4491;4464;GCA
1222;3528;3279;GCA
1223;5763;5811;GCF
1224;4130;4134;GCF
1225;3773;3698;GCA
1226;3166;3179;GCF
1227;2984;3013;GCF
1228;3743;3749;GCF
1229;2088;2041;GCA
1230;1546;1484;GCA
1231;1778;1782;GCF
1232;3749;3736;GCA
1233;3687;3656;GCA
1234;3263;3221;GCA
1235;3697;3571;GCA
1236;3437;3407;GCA
1237;3572;3494;GCA
1238;3477;3550;GCF
1239;3198;3214;GCF
1240;3311;3238;GCA
1241;4808;4891;GCF
1242;5043;5031;GCA
1243;4420;4420;same
1244;4648;4482;GCA
1245;4758;4376;GCA
1246;4255;3962;GCA
1247;3905;3898;GCA
1248;4943;4943;same
1249;3902;4042;GCF
1250;2861;2895;GCF
1251;3224;3056;GCA
1252;3693;3658;GCA
1253;4284;4221;GCA
1254;3815;3730;GCA
1255;2604;2611;GCF
1256;4309;4249;GCA
1257;5288;4934;GCA
1258;4984;4964;GCA
1259;3578;3484;GCA
1260;2820;2832;GCF
1261;1962;1837;GCA
1262;2137;2133;GCA
1263;2389;2221;GCA
1264;1799;1813;GCF
1265;1763;1700;GCA
1266;1754;1708;GCA
1267;1927;1934;GCF
1268;1899;1893;GCA
1269;2010;1930;GCA
1270;1940;1955;GCF
1271;2038;2012;GCA
1272;1975;1961;GCA
1273;4320;4286;GCA
1274;3232;3210;GCA
1275;2228;2189;GCA
1276;3063;2907;GCA
1277;3221;3140;GCA
1278;2860;2805;GCA
1279;3708;3723;GCF
1280;4080;4102;GCF
1281;4428;4386;GCA
1282;3866;3727;GCA
1283;4235;4163;GCA
1284;4196;4117;GCA
1285;3909;3840;GCA
1286;3798;3719;GCA
1287;4118;3955;GCA
1288;4009;3867;GCA
1289;3957;3911;GCA
1290;4044;3963;GCA
1291;3237;3237;same
1292;3659;3657;GCA
1293;3504;3570;GCF
1294;2946;2863;GCA
1295;3535;3397;GCA
1296;4578;4592;GCF
1297;4079;3919;GCA
1298;4032;3909;GCA
1299;3155;3145;GCA
1300;2807;3079;GCF
1301;4496;4329;GCA
1302;356;4990;GCF
1303;3770;3749;GCA
1304;3960;3823;GCA
1305;3607;3580;GCA
1306;4246;4203;GCA
1307;4155;4142;GCA
1308;2625;2555;GCA
1309;2971;2940;GCA
1310;4091;4039;GCA
1311;4723;4592;GCA
1312;3807;3630;GCA
1313;4476;4471;GCA
1314;4368;4292;GCA
1315;4437;4473;GCF
1316;3885;3858;GCA
1317;3613;3567;GCA
1318;3761;3590;GCA
1319;3666;3636;GCA
1320;3525;3468;GCA
1321;3716;3668;GCA
1322;4103;4107;GCF
1323;3362;3321;GCA
1324;3254;3262;GCF
1325;3947;3956;GCF
1326;4463;4328;GCA
1327;3442;3399;GCA
1328;3282;3264;GCA
1329;3503;3479;GCA
1330;3767;3817;GCF
1331;3429;3409;GCA
1332;4706;4741;GCF
1333;3483;3502;GCF
1334;3692;3653;GCA
1335;2954;2969;GCF
1336;3559;3551;GCA
1337;3349;3231;GCA
1338;4632;4520;GCA
1339;2876;2789;GCA
1340;3761;3916;GCF
1341;2431;2407;GCA
1342;2981;3002;GCF
1343;3443;3468;GCF
1344;3138;3201;GCF
1345;3220;3248;GCF
1346;2995;2978;GCA
1347;3235;3267;GCF
1348;5025;4966;GCA
1349;4320;4321;GCF
1350;3014;3009;GCA
1351;3797;3654;GCA
1352;4563;4437;GCA
1353;3131;3112;GCA
1354;1993;2291;GCF
1355;3457;3371;GCA
1356;2808;2833;GCF
1357;2724;2721;GCA
1358;2580;2509;GCA
1359;2681;2633;GCA
1360;2870;2839;GCA
1361;2322;2276;GCA
1362;1642;1653;GCF
1363;1971;1864;GCA
1364;1668;1642;GCA
1365;1608;1474;GCA
1366;3349;3295;GCA
1367;4741;4800;GCF
1368;4658;4681;GCF
1369;3639;3479;GCA
1370;4507;4501;GCA
1371;6597;6495;GCA
1372;2103;2103;same
1373;3768;3753;GCA
1374;5379;5152;GCA
1375;4096;3950;GCA
1376;4885;4878;GCA
1377;3770;3795;GCF
1378;1880;1898;GCF
1379;2371;2400;GCF
1380;3421;3412;GCA
1381;4668;4617;GCA
1382;5277;5210;GCA
1383;4803;4812;GCF
1384;4352;4162;GCA
1385;3681;3673;GCA
1386;3256;3263;GCF
1387;1113;1113;same
1388;2082;2415;GCF
1389;1885;1876;GCA
1390;2909;2911;GCF
1391;4935;4928;GCA
1392;2369;2384;GCF
1393;2265;2214;GCA
1394;2819;2798;GCA
1395;4454;4493;GCF
1396;4594;4528;GCA
1397;4458;4946;GCF
1398;3658;3661;GCF
1399;4591;4557;GCA
1400;4849;4942;GCF
1401;4082;4040;GCA
1402;3350;3503;GCF
1403;4340;4233;GCA
1404;5415;5513;GCF
1405;3647;3683;GCF
1406;3736;3915;GCF
1407;4342;4400;GCF
1408;4434;4515;GCF
1409;4326;4188;GCA
1410;4229;4153;GCA
1411;4264;4318;GCF
1412;3137;3131;GCA
1413;5527;5521;GCA
1414;2275;2278;GCF
1415;2034;2064;GCF
1416;3195;3092;GCA
1417;1877;1844;GCA
1418;1930;1930;same
1419;2477;2294;GCA
1420;1207;1207;same
1421;3432;3428;GCA
1422;2475;2464;GCA
1423;2976;3014;GCF
1424;3171;2527;GCA
1425;3685;3527;GCA
1426;3499;3501;GCF
1427;3235;3023;GCA
1428;3106;2950;GCA
1429;3609;3507;GCA
1430;3482;3455;GCA
1431;3841;3675;GCA
1432;4441;4474;GCF
1433;3472;3455;GCA
1434;3734;3737;GCF
1435;3501;3454;GCA
1436;4636;4465;GCA
1437;4679;4673;GCA
1438;3455;3410;GCA
1439;3833;3681;GCA
1440;2229;2196;GCA
1441;3533;3391;GCA
1442;4106;4036;GCA
1443;3354;3392;GCF
1444;1817;1754;GCA
1445;5632;5753;GCF
1446;6027;6103;GCF
1447;3523;3821;GCF
1448;4870;4871;GCF
1449;2632;2587;GCA
1450;2308;2302;GCA
1451;2282;2273;GCA
1452;3429;3423;GCA
1453;4131;4088;GCA
1454;3881;4137;GCF
1455;3544;3555;GCF
1456;4737;4432;GCA
1457;5371;5290;GCA
1458;4153;4097;GCA
1459;2031;1923;GCA
1460;3856;3858;GCF
1461;8235;7847;GCA
1462;7493;7108;GCA
1463;8173;7689;GCA
1464;8792;8636;GCA
1465;5649;5632;GCA
1466;5555;5432;GCA
1467;5089;4970;GCA
1468;5375;5311;GCA
1469;4846;4880;GCF
1470;4973;4875;GCA
1471;7228;3813;GCA
1472;5697;5216;GCA
1473;5130;5075;GCA
1474;5047;5038;GCA
1475;4573;4541;GCA
1476;4233;4154;GCA
1477;4676;4565;GCA
1478;2618;2560;GCA
1479;3385;3285;GCA
1480;3418;3369;GCA
1481;3052;3151;GCF
1482;2336;2596;GCF
1483;2220;2274;GCF
1484;3793;3741;GCA
1485;2529;2561;GCF
1486;2934;2977;GCF
1487;3195;3195;same
1488;4448;4511;GCF
1489;5056;5074;GCF
1490;4796;4758;GCA
1491;5253;5252;GCA
1492;3131;3117;GCA
1493;4303;4313;GCF
1494;8794;9016;GCF
1495;8221;7956;GCA
1496;10967;10756;GCA
1497;3087;3078;GCA
1498;2528;2509;GCA
1499;7717;7620;GCA
1500;3577;3563;GCA
1501;4331;4341;GCF
1502;3145;3165;GCF
1503;2467;2462;GCA
1504;2765;2602;GCA
1505;4339;4241;GCA
1506;4220;4200;GCA
1507;1863;1878;GCF
1508;2092;2146;GCF
1509;2334;2390;GCF
1510;2748;2726;GCA
1511;3044;3060;GCF
1512;3136;3174;GCF
1513;2684;2711;GCF
1514;1913;1906;GCA
1515;2427;2448;GCF
1516;1461;1490;GCF
1517;1901;1888;GCA
1518;1886;1889;GCF
1519;2166;2088;GCA
1520;1930;1952;GCF
1521;1638;1717;GCF
1522;1740;1802;GCF
1523;1939;1952;GCF
1524;1814;1805;GCA
1525;1670;1668;GCA
1526;1761;1497;GCA
1527;1891;1831;GCA
1528;1800;1795;GCA
1529;1810;1818;GCF
1530;1904;1902;GCA
1531;1891;1961;GCF
1532;2701;2699;GCA
1533;1796;1794;GCA
1534;1902;1949;GCF
1535;1974;1980;GCF
1536;2771;2548;GCA
1537;1826;1719;GCA
1538;1919;1937;GCF
1539;2944;2670;GCA
1540;2391;2384;GCA
1541;2504;2482;GCA
1542;2030;2019;GCA
1543;2462;2435;GCA
1544;2488;2506;GCF
1545;2445;2505;GCF
1546;2342;2300;GCA
1547;2560;2388;GCA
1548;2024;1973;GCA
1549;2434;2413;GCA
1550;2148;2111;GCA
1551;2147;2282;GCF
1552;2123;2132;GCF
1553;2099;2092;GCA
1554;1667;1616;GCA
1555;2626;2715;GCF
1556;1374;1374;same
1557;1548;1466;GCA
1558;1720;1696;GCA
1559;1691;1680;GCA
1560;4136;4136;same
1561;6118;6162;GCF
1562;6302;6319;GCF
1563;1995;1917;GCA
1564;1925;1834;GCA
1565;1164;1532;GCF
1566;3465;3461;GCA
1567;4146;4205;GCF
1568;4326;4178;GCA
1569;3768;3784;GCF
1570;3392;3372;GCA
1571;2245;2150;GCA
1572;3055;3056;GCF
1573;4213;4161;GCA
1574;2981;2861;GCA
1575;4253;4238;GCA
1576;3525;3415;GCA
1577;3524;3464;GCA
1578;2956;2966;GCF
1579;3725;3782;GCF
1580;3079;2428;GCA
1581;2310;2210;GCA
1582;2848;2876;GCF
1583;1539;1548;GCF
1584;3397;3288;GCA
1585;8224;8032;GCA
1586;9370;9155;GCA
1587;9220;9016;GCA
1588;8033;7881;GCA
1589;8917;8418;GCA
1590;8854;8594;GCA
1591;3301;3264;GCA
1592;3631;3635;GCF
1593;2220;2262;GCF
1594;2484;2447;GCA
1595;2196;2123;GCA
1596;2686;2616;GCA
1597;2320;2258;GCA
1598;2423;2517;GCF
1599;2795;2801;GCF
1600;2972;2947;GCA
1601;2696;2696;same
1602;1913;1859;GCA
1603;2061;1983;GCA
1604;1713;1800;GCF
1605;1760;1831;GCF
1606;1936;1844;GCA
1607;1972;1973;GCF
1608;4210;4214;GCF
1609;6037;5944;GCA
1610;2742;2717;GCA
1611;2416;2356;GCA
1612;2487;2520;GCF
1613;2556;2532;GCA
1614;2255;2197;GCA
1615;2131;2179;GCF
1616;2059;2107;GCF
1617;2398;2461;GCF
1618;2362;2357;GCA
1619;2424;2311;GCA
1620;3173;3554;GCF
1621;4321;4197;GCA
1622;3525;3565;GCF
1623;4234;4244;GCF
1624;1149;1302;GCF
1625;5411;5489;GCF
1626;5223;5298;GCF
1627;2183;2143;GCA
1628;1386;1391;GCF
1629;1553;1567;GCF
1630;1536;1589;GCF
1631;2094;2086;GCA
1632;1878;1898;GCF
1633;3549;3591;GCF
1634;3107;3016;GCA
1635;3691;3694;GCF
1636;3187;3147;GCA
1637;3073;3025;GCA
1638;2902;2908;GCF
1639;2180;2146;GCA
1640;1866;1692;GCA
1641;1612;1643;GCF
1642;1922;1973;GCF
1643;1993;1933;GCA
1644;1862;1888;GCF
1645;1852;1835;GCA
1646;1547;1571;GCF
1647;2181;2043;GCA
1648;1467;1480;GCF
1649;2170;2172;GCF
1650;1801;1806;GCF
1651;2051;2091;GCF
1652;2356;2376;GCF
1653;2325;2323;GCA
1654;2407;2400;GCA
1655;2234;2211;GCA
1656;2463;2507;GCF
1657;3112;3076;GCA
1658;2864;2610;GCA
1659;2840;2773;GCA
1660;2788;2736;GCA
1661;2685;2618;GCA
1662;2868;2800;GCA
1663;3289;3311;GCF
1664;3096;3007;GCA
1665;3245;3196;GCA
1666;3296;3260;GCA
1667;3476;3475;GCA
1668;3638;3536;GCA
1669;3589;3566;GCA
1670;3700;3668;GCA
1671;3916;3854;GCA
1672;3638;3637;GCA
1673;3538;3537;GCA
1674;2332;2331;GCA
1675;3531;3551;GCF
1676;3178;3150;GCA
1677;2496;2399;GCA
1678;2964;3004;GCF
1679;3447;3349;GCA
1680;3976;3843;GCA
1681;3413;3370;GCA
1682;3165;3105;GCA
1683;2866;2771;GCA
1684;3886;3886;same
1685;5726;5555;GCA
1686;6490;6188;GCA
1687;3374;3321;GCA
1688;3044;3163;GCF
1689;3788;3773;GCA
1690;3939;3957;GCF
1691;4301;4294;GCA
1692;4247;4286;GCF
1693;3213;3202;GCA
1694;2481;2488;GCF
1695;2846;2754;GCA
1696;3154;3185;GCF
1697;2813;2719;GCA
1698;6200;6094;GCA
1699;3139;3150;GCF
1700;4180;4087;GCA
1701;3329;3327;GCA
1702;3115;3065;GCA
1703;2417;2382;GCA
1704;3763;3699;GCA
1705;3153;3081;GCA
1706;3666;3768;GCF
1707;4371;4440;GCF
1708;4109;4425;GCF
1709;3961;4007;GCF
1710;3126;3123;GCA
1711;3079;2997;GCA
1712;4891;4788;GCA
1713;3702;3648;GCA
1714;3254;3285;GCF
1715;3047;2992;GCA
1716;2549;2530;GCA
1717;3635;3627;GCA
1718;2873;2787;GCA
1719;2386;2389;GCF
1720;2901;2830;GCA
1721;2200;2215;GCF
1722;2213;2191;GCA
1723;2175;2197;GCF
1724;2172;2185;GCF
1725;2076;2087;GCF
1726;4089;4111;GCF
1727;4130;4210;GCF
1728;3752;3862;GCF
1729;5414;5241;GCA
1730;5078;5026;GCA
1731;5111;5056;GCA
1732;2368;2316;GCA
1733;2537;2547;GCF
1734;4392;4390;GCA
1735;4919;4783;GCA
1736;6537;6430;GCA
1737;1952;2004;GCF
1738;4845;4782;GCA
1739;3940;3915;GCA
1740;3633;3616;GCA
1741;4049;4001;GCA
1742;4439;4303;GCA
1743;3666;3607;GCA
1744;3830;3804;GCA
1745;3900;3770;GCA
1746;5001;4849;GCA
1747;3803;3758;GCA
1748;3424;3398;GCA
1749;3378;3377;GCA
1750;2694;2686;GCA
1751;5123;4834;GCA
1752;2866;2866;same
1753;2649;2697;GCF
1754;4458;4489;GCF
1755;2899;2875;GCA
1756;2595;2578;GCA
1757;4575;4491;GCA
1758;3992;3888;GCA
1759;4013;3898;GCA
1760;2474;2355;GCA
1761;3204;3207;GCF
1762;3430;3340;GCA
1763;3026;2971;GCA
1764;3682;3587;GCA
1765;5147;5115;GCA
1766;2221;2184;GCA
1767;3575;3575;same
1768;3459;3433;GCA
1769;4010;4009;GCA
1770;3759;3658;GCA
1771;4071;4079;GCF
1772;4413;4437;GCF
1773;3385;3344;GCA
1774;3714;3630;GCA
1775;5064;5011;GCA
1776;4762;4641;GCA
1777;4342;4285;GCA
1778;3603;3397;GCA
1779;3391;3344;GCA
1780;3783;3726;GCA
1781;3645;3620;GCA
1782;2900;2895;GCA
1783;3466;3442;GCA
1784;3522;3477;GCA
1785;4605;4566;GCA
1786;4312;4235;GCA
1787;2822;2836;GCF
1788;3501;3539;GCF
1789;3763;3770;GCF
1790;3526;3523;GCA
1791;3696;3627;GCA
1792;3765;3762;GCA
1793;4135;4099;GCA
1794;3207;3180;GCA
1795;2992;2989;GCA
1796;3882;3918;GCF
1797;4649;4700;GCF
1798;3801;3698;GCA
1799;5180;5086;GCA
1800;4154;4064;GCA
1801;5383;5319;GCA
1802;5805;5765;GCA
1803;5316;5429;GCF
1804;5242;5235;GCA
1805;5075;5086;GCF
1806;6023;6102;GCF
1807;7053;7098;GCF
1808;6139;6184;GCF
1809;4085;4174;GCF
1810;5087;5073;GCA
1811;5531;5427;GCA
1812;2195;2229;GCF
1813;2288;2306;GCF
1814;2485;2482;GCA
1815;2373;2380;GCF
1816;3025;2971;GCA
1817;2798;2740;GCA
1818;3541;3510;GCA
1819;2864;2807;GCA
1820;3298;3244;GCA
1821;3719;3564;GCA
1822;3236;3117;GCA
1823;1718;1662;GCA
1824;3813;3809;GCA
1825;2425;2425;same
1826;4555;4427;GCA
1827;4492;4427;GCA
1828;4175;4183;GCF
1829;1828;1982;GCF
1830;6130;5848;GCA
1831;5728;5678;GCA
1832;6767;6677;GCA
1833;5686;5722;GCF
1834;6833;6801;GCA
1835;6430;6386;GCA
1836;7281;7041;GCA
1837;6567;6191;GCA
1838;5046;5049;GCF
1839;6806;6645;GCA
1840;7092;6509;GCA
1841;6021;6017;GCA
1842;5059;5062;GCF
1843;6100;6076;GCA
1844;2311;2115;GCA
1845;2809;2607;GCA
1846;3781;4071;GCF
1847;3813;4109;GCF
1848;3943;3760;GCA
1849;4435;4513;GCF
1850;1537;1599;GCF
1851;1247;1234;GCA
1852;1514;1494;GCA
1853;2677;2753;GCF
1854;2772;2772;same
1855;3520;3505;GCA
1856;2765;2755;GCA
1857;6060;6050;GCA
1858;5511;5448;GCA
1859;6692;6756;GCF
1860;5663;5855;GCF
1861;6433;6046;GCA
1862;4700;4525;GCA
1863;4224;4090;GCA
1864;4349;4264;GCA
1865;5796;5634;GCA
1866;5306;5397;GCF
1867;5578;6239;GCF
1868;5665;5527;GCA
1869;6441;6753;GCF
1870;4285;4166;GCA
1871;4036;3906;GCA
1872;4183;4107;GCA
1873;2889;2889;same
1874;2647;2613;GCA
1875;5012;4860;GCA
1876;3127;3138;GCF
1877;4577;4525;GCA
1878;3140;3096;GCA
1879;3520;3526;GCF
1880;2877;2653;GCA
1881;2968;2912;GCA
1882;2754;2754;same
1883;3366;3373;GCF
1884;3221;3224;GCF
1885;3634;3379;GCA
1886;2934;2657;GCA
1887;3222;3205;GCA
1888;3275;3139;GCA
1889;3626;3608;GCA
1890;3752;3690;GCA
1891;3095;3100;GCF
1892;3763;3669;GCA
1893;3130;3160;GCF
1894;2817;2685;GCA
1895;4045;4051;GCF
1896;2709;2722;GCF
1897;2725;2766;GCF
1898;2897;2890;GCA
1899;3233;3065;GCA
1900;7021;6897;GCA
1901;8564;8365;GCA
1902;3458;3448;GCA
1903;3294;3280;GCA
1904;3620;3628;GCF
1905;4536;4354;GCA
1906;3145;3206;GCF
1907;2049;1944;GCA
1908;2287;2224;GCA
1909;2763;2683;GCA
1910;2211;2243;GCF
1911;4088;4031;GCA
1912;4825;4684;GCA
1913;4424;4372;GCA
1914;3919;3745;GCA
1915;3992;4003;GCF
1916;6024;5978;GCA
1917;5752;5840;GCF
1918;6531;6538;GCF
1919;6865;6844;GCA
1920;6092;6029;GCA
1921;6401;5499;GCA
1922;6520;6345;GCA
1923;6178;6300;GCF
1924;6550;6521;GCA
1925;5462;5334;GCA
1926;6565;6462;GCA
1927;6222;6199;GCA
1928;6393;6231;GCA
1929;5910;5811;GCA
1930;7431;7409;GCA
1931;6224;5833;GCA
1932;6014;5892;GCA
1933;6428;6406;GCA
1934;6823;6734;GCA
1935;6267;6160;GCA
1936;5819;5713;GCA
1937;6099;5952;GCA
1938;5887;5833;GCA
1939;6547;6225;GCA
1940;6796;6492;GCA
1941;6322;6370;GCF
1942;6318;6276;GCA
1943;3382;3358;GCA
1944;3339;3360;GCF
1945;3452;3448;GCA
1946;4393;4286;GCA
1947;5645;5629;GCA
1948;2602;2819;GCF
1949;3612;3581;GCA
1950;1872;1792;GCA
1951;1864;1724;GCA
1952;1909;1798;GCA
1953;2232;2010;GCA
1954;2300;2023;GCA
1955;4275;4179;GCA
1956;4717;4489;GCA
1957;3207;3215;GCF
1958;3558;3480;GCA
1959;4227;4085;GCA
1960;3794;3813;GCF
1961;2263;2249;GCA
1962;2668;2640;GCA
1963;3306;3253;GCA
1964;2189;2070;GCA
1965;3417;3590;GCF
1966;3963;3922;GCA
1967;3764;3776;GCF
1968;4744;4821;GCF
1969;4069;4057;GCA
1970;4874;4810;GCA
1971;6866;6672;GCA
1972;6294;6415;GCF
1973;5874;5699;GCA
1974;3347;3348;GCF
1975;4973;4848;GCA
1976;5046;4945;GCA
1977;7006;7006;same
1978;5935;5955;GCF
1979;4154;4139;GCA
1980;5410;5462;GCF
1981;4081;4096;GCF
1982;4441;4353;GCA
1983;3015;2591;GCA
1984;2641;2527;GCA
1985;3340;3292;GCA
1986;3643;3639;GCA
1987;3432;3352;GCA
1988;3625;3395;GCA
1989;3491;3402;GCA
1990;6620;6468;GCA
1991;3982;3990;GCF
1992;3151;3122;GCA
1993;2678;2724;GCF
1994;3103;3051;GCA
1995;2988;2712;GCA
1996;3870;2841;GCA
1997;2317;2194;GCA
1998;5180;5123;GCA
1999;6487;6503;GCF
2000;5843;5628;GCA
2001;6355;6220;GCA
2002;7129;7000;GCA
2003;6473;6645;GCF
2004;5134;5071;GCA
2005;5700;5530;GCA
2006;5291;5398;GCF
2007;5190;5190;same
2008;5206;5254;GCF
2009;5631;5682;GCF
2010;6981;6750;GCA
2011;5158;5375;GCF
2012;4336;4155;GCA
2013;6014;5717;GCA
2014;4855;4913;GCF
2015;4435;4478;GCF
2016;3927;3757;GCA
2017;6646;6348;GCA
2018;5001;5030;GCF
2019;5997;5873;GCA
2020;6061;6061;same
2021;5203;5261;GCF
2022;5898;5923;GCF
2023;5078;4859;GCA
2024;6290;6421;GCF
2025;5555;5337;GCA
2026;5376;5207;GCA
2027;5672;5707;GCF
2028;5667;5667;same
2029;4106;4141;GCF
2030;5181;5009;GCA
2031;6435;6202;GCA
2032;5597;5876;GCF
2033;4981;4739;GCA
2034;5433;5640;GCF
2035;4176;4112;GCA
2036;790;767;GCA
2037;637;645;GCF
2038;3725;3616;GCA
2039;3585;3454;GCA
2040;3828;3789;GCA
2041;2809;2820;GCF
2042;4524;4586;GCF
2043;3710;3512;GCA
2044;2470;2516;GCF
2045;3642;3675;GCF
2046;3708;3569;GCA
2047;4160;4066;GCA
2048;4056;3869;GCA
2049;4199;4199;same
2050;3285;3234;GCA
2051;3662;3736;GCF
2052;4000;4080;GCF
2053;3428;3357;GCA
2054;3300;3205;GCA
2055;3108;3121;GCF
2056;2288;2283;GCA
2057;2362;2312;GCA
2058;1710;1699;GCA
2059;2556;2418;GCA
2060;2474;2220;GCA
2061;2470;2452;GCA
2062;1957;1854;GCA
2063;2166;1931;GCA
2064;2148;1896;GCA
2065;2325;2112;GCA
2066;2721;2545;GCA
2067;2270;2252;GCA
2068;2221;2195;GCA
2069;1954;1936;GCA
2070;2264;2212;GCA
2071;2099;2099;same
2072;2233;2233;same
2073;2279;2278;GCA
2074;6135;5924;GCA
2075;5309;5381;GCF
2076;4594;4620;GCF
2077;4395;4427;GCF
2078;4794;5014;GCF
2079;3688;3637;GCA
2080;3688;3582;GCA
2081;4172;4110;GCA
2082;2828;2732;GCA
2083;2662;2531;GCA
2084;2262;2273;GCF
2085;9350;9350;same
2086;4253;4255;GCF
2087;6536;6581;GCF
2088;7808;7823;GCF
2089;6887;6720;GCA
2090;3596;3604;GCF
2091;2088;2084;GCA
2092;4180;4105;GCA
2093;3450;3392;GCA
2094;2530;2530;same
2095;3093;3090;GCA
2096;318;318;same
2097;2625;2522;GCA
2098;5974;5861;GCA
2099;5777;5636;GCA
2100;7465;7278;GCA
2101;5537;5420;GCA
2102;7291;7009;GCA
2103;6307;6416;GCF
2104;6764;6654;GCA
2105;6923;6971;GCF
2106;6593;6674;GCF
2107;7323;6744;GCA
2108;7128;6901;GCA
2109;7275;7164;GCA
2110;6496;6382;GCA
2111;7696;7843;GCF
2112;5973;5874;GCA
2113;5922;5788;GCA
2114;7145;7311;GCF
2115;4085;4261;GCF
2116;5311;5216;GCA
2117;4348;4292;GCA
2118;2942;2859;GCA
2119;3779;3851;GCF
2120;4577;4393;GCA
2121;4242;4306;GCF
2122;3700;3559;GCA
2123;4391;4388;GCA
2124;2853;3276;GCF
2125;4089;4025;GCA
2126;4127;4204;GCF
2127;4337;4417;GCF
2128;4150;4015;GCA
2129;6101;6227;GCF
2130;5444;5256;GCA
2131;3618;3612;GCA
2132;4074;4140;GCF
2133;3381;3156;GCA
2134;4372;4313;GCA
2135;3883;3849;GCA
2136;4221;4314;GCF
2137;3710;3674;GCA
2138;4420;4253;GCA
2139;6152;5778;GCA
2140;5435;5057;GCA
2141;4612;4399;GCA
2142;5056;5191;GCF
2143;3435;3384;GCA
2144;3023;2983;GCA
2145;12012;12229;GCF
2146;8398;8287;GCA
2147;10956;10946;GCA
2148;9188;8871;GCA
2149;9727;9962;GCF
2150;10294;10428;GCF
2151;8599;8481;GCA
2152;12131;11585;GCA
2153;12117;11888;GCA
2154;8986;9168;GCF
2155;3079;3080;GCF
2156;4430;4569;GCF
2157;5065;5375;GCF
2158;3179;3152;GCA
2159;3127;3247;GCF
2160;3576;3536;GCA
2161;3630;3585;GCA
2162;3491;3573;GCF
2163;5283;5416;GCF
2164;4503;4449;GCA
2165;3801;3693;GCA
2166;3437;3404;GCA
2167;4140;4023;GCA
2168;4424;4420;GCA
2169;2257;2308;GCF
2170;3560;3675;GCF
2171;3014;2963;GCA
2172;2626;2589;GCA
2173;3342;3390;GCF
2174;3404;3405;GCF
2175;3725;3753;GCF
2176;3728;3750;GCF
2177;3688;3710;GCF
2178;5302;5182;GCA
2179;4519;4378;GCA
2180;3815;3828;GCF
2181;4515;4527;GCF
2182;2644;2607;GCA
2183;5107;4776;GCA
2184;5436;5475;GCF
2185;4597;4594;GCA
2186;3580;3436;GCA
2187;1612;1618;GCF
2188;3938;3699;GCA
2189;4503;4487;GCA
2190;2920;2906;GCA
2191;3015;2959;GCA
2192;2174;2111;GCA
2193;5599;5420;GCA
2194;2032;2081;GCF
2195;1739;1743;GCF
2196;2024;1987;GCA
2197;2086;2101;GCF
2198;3398;3380;GCA
2199;4042;4031;GCA
2200;3379;3350;GCA
2201;3120;3113;GCA
2202;1827;1820;GCA
2203;2972;2965;GCA
2204;3769;3627;GCA
2205;4366;4231;GCA
2206;3639;3453;GCA
2207;4164;3955;GCA
2208;4409;4271;GCA
2209;7102;6790;GCA
2210;7012;6763;GCA
2211;5416;5431;GCF
2212;7520;7491;GCA
2213;4993;4993;same
2214;6411;6204;GCA
2215;5598;5544;GCA
2216;4593;4643;GCF
2217;6744;6575;GCA
2218;5744;4097;GCA
2219;8160;8053;GCA
2220;5307;5161;GCA
2221;4133;4256;GCF
2222;5549;5555;GCF
2223;6348;6033;GCA
2224;5640;5640;same
2225;8711;8245;GCA
2226;6152;6213;GCF
2227;7002;7069;GCF
2228;4993;5115;GCF
2229;6146;5873;GCA
2230;5683;5717;GCF
2231;6461;6220;GCA
2232;7304;6942;GCA
2233;6991;6847;GCA
2234;5568;5581;GCF
2235;5367;5237;GCA
2236;5259;5257;GCA
2237;7281;7008;GCA
2238;6865;6934;GCF
2239;5020;5039;GCF
2240;5044;5056;GCF
2241;4987;4791;GCA
2242;6496;6560;GCF
2243;5645;5524;GCA
2244;7262;7172;GCA
2245;6959;6686;GCA
2246;6514;6536;GCF
2247;6159;6161;GCF
2248;3561;3422;GCA
2249;5050;4991;GCA
2250;6591;6451;GCA
2251;6002;5809;GCA
2252;6667;6565;GCA
2253;5289;5462;GCF
2254;5969;6183;GCF
2255;6264;6473;GCF
2256;5470;5461;GCA
2257;7737;7844;GCF
2258;5568;5409;GCA
2259;4546;4542;GCA
2260;6220;6167;GCA
2261;5945;5787;GCA
2262;5259;5097;GCA
2263;4891;5288;GCF
2264;3925;3902;GCA
2265;6611;6534;GCA
2266;5952;6201;GCF
2267;4014;4049;GCF
2268;3954;4036;GCF
2269;4386;4186;GCA
2270;4417;4275;GCA
2271;3764;3749;GCA
2272;3898;3841;GCA
2273;3235;3048;GCA
2274;3873;3778;GCA
2275;3774;3772;GCA
2276;7469;7397;GCA
2277;3616;3547;GCA
2278;5720;5722;GCF
2279;4571;4603;GCF
2280;5400;5167;GCA
2281;4884;4914;GCF
2282;5575;5384;GCA
2283;4215;4172;GCA
2284;4283;4289;GCF
2285;3765;3883;GCF
2286;4059;3975;GCA
2287;5125;4855;GCA
2288;3712;3685;GCA
2289;3605;3563;GCA
2290;7956;7593;GCA
2291;5171;5206;GCF
2292;8849;8800;GCA
2293;6520;6498;GCA
2294;9427;9397;GCA
2295;9342;9366;GCF
2296;6705;6490;GCA
2297;8696;8509;GCA
2298;5337;5267;GCA
2299;7690;7519;GCA
2300;7386;7011;GCA
2301;8752;8741;GCA
2302;7532;7494;GCA
2303;3628;3622;GCA
2304;3242;3339;GCF
2305;3353;3345;GCA
2306;4005;4073;GCF
2307;3886;3816;GCA
2308;4035;3996;GCA
2309;3680;3631;GCA
2310;3545;3474;GCA
2311;2748;2784;GCF
2312;4055;4050;GCA
2313;3911;3946;GCF
2314;3711;3747;GCF
2315;3355;3317;GCA
2316;3444;3509;GCF
2317;2822;3244;GCF
2318;3063;3104;GCF
2319;3740;3722;GCA
2320;2365;2344;GCA
2321;6418;6388;GCA
2322;3597;3327;GCA
2323;3704;3729;GCF
2324;3263;3311;GCF
2325;3819;3842;GCF
2326;3803;3688;GCA
2327;4673;4663;GCA
2328;4830;4697;GCA
2329;4775;4785;GCF
2330;2146;2142;GCA
2331;4297;4142;GCA
2332;2309;2280;GCA
2333;4966;4897;GCA
2334;4948;4927;GCA
2335;3664;3680;GCF
2336;3199;3222;GCF
2337;1548;1508;GCA
2338;4134;4099;GCA
2339;3490;3494;GCF
2340;2878;2870;GCA
2341;2751;2483;GCA
2342;1585;1543;GCA
2343;221;221;same
2344;3429;3461;GCF
2345;2434;2404;GCA
2346;1496;1508;GCF
2347;2927;2869;GCA
2348;3502;3427;GCA
2349;2869;2806;GCA
2350;2089;2093;GCF
2351;2147;2095;GCA
2352;2162;2168;GCF
2353;2046;2059;GCF
2354;4772;4668;GCA
2355;5636;5627;GCA
2356;2871;2842;GCA
2357;2344;2258;GCA
2358;1827;1773;GCA
2359;1597;1648;GCF
2360;2420;2374;GCA
2361;4271;4264;GCA
2362;4203;4187;GCA
2363;1911;1930;GCF
2364;1746;1765;GCF
2365;1965;1924;GCA
2366;1816;1835;GCF
2367;1926;1838;GCA
2368;1755;1725;GCA
2369;5006;4904;GCA
2370;4612;4535;GCA
2371;4066;4097;GCF
2372;5263;5283;GCF
2373;3774;3711;GCA
2374;4976;5046;GCF
2375;4601;5125;GCF
2376;5574;5506;GCA
2377;4968;4868;GCA
2378;3389;3438;GCF
2379;4396;4284;GCA
2380;3292;3303;GCF
2381;4882;4708;GCA
2382;4964;4705;GCA
2383;3772;3747;GCA
2384;4505;4505;same
2385;3190;2995;GCA
2386;3919;3945;GCF
2387;4011;4000;GCA
2388;3640;3615;GCA
2389;3131;3159;GCF
2390;4203;4139;GCA
2391;5583;5521;GCA
2392;3841;3813;GCA
2393;5550;5485;GCA
2394;4566;4584;GCF
2395;4745;4679;GCA
2396;4788;4561;GCA
2397;2407;2387;GCA
2398;3731;3777;GCF
2399;3341;3315;GCA
2400;3210;3220;GCF
2401;5357;5405;GCF
2402;3796;3712;GCA
2403;4187;4007;GCA
2404;2325;2195;GCA
2405;2211;2028;GCA
2406;1825;1737;GCA
2407;1577;1576;GCA
2408;1726;1697;GCA
2409;1834;1821;GCA
2410;1865;1806;GCA
2411;1597;1708;GCF
2412;5032;5111;GCF
2413;4169;4236;GCF
2414;4598;4792;GCF
2415;3347;3325;GCA
2416;5165;5158;GCA
2417;3000;2809;GCA
2418;2479;2613;GCF
2419;1986;1935;GCA
2420;1968;1915;GCA
2421;3980;3907;GCA
2422;3664;3659;GCA
2423;3894;3968;GCF
2424;3965;3840;GCA
2425;1979;1965;GCA
2426;3699;3721;GCF
2427;3638;3687;GCF
2428;3905;3977;GCF
2429;3641;3533;GCA
2430;4359;4245;GCA
2431;4347;4146;GCA
2432;5516;5412;GCA
2433;4194;4188;GCA
2434;4353;4514;GCF
2435;3756;3719;GCA
2436;5160;5070;GCA
2437;5684;5690;GCF
2438;4919;4904;GCA
2439;4049;4010;GCA
2440;4357;4358;GCF
2441;5149;5138;GCA
2442;5467;5514;GCF
2443;4758;4764;GCF
2444;3904;3823;GCA
2445;4300;4171;GCA
2446;4220;4265;GCF
2447;6802;6795;GCA
2448;2970;2980;GCF
2449;5368;5040;GCA
2450;5147;5153;GCF
2451;4708;4683;GCA
2452;5712;5741;GCF
2453;5685;5664;GCA
2454;9097;7868;GCA
2455;4682;4667;GCA
2456;5151;5038;GCA
2457;2259;2160;GCA
2458;2624;2624;same
2459;4493;4486;GCA
2460;2688;2694;GCF
2461;3213;3211;GCA
2462;4128;4003;GCA
2463;3692;3589;GCA
2464;3815;3766;GCA
2465;3547;3568;GCF
2466;3955;3938;GCA
2467;3055;3122;GCF
2468;3216;3209;GCA
2469;3145;3206;GCF
2470;8191;7931;GCA
2471;8579;8322;GCA
2472;8035;7813;GCA
2473;8304;8049;GCA
2474;8505;8131;GCA
2475;8538;8033;GCA
2476;3872;3847;GCA
2477;4178;4191;GCF
2478;2910;2848;GCA
2479;2936;2942;GCF
2480;3192;3192;same
2481;3597;3599;GCF
2482;3915;3845;GCA
2483;3186;3092;GCA
2484;2112;2099;GCA
2485;1963;1984;GCF
2486;1962;1960;GCA
2487;1946;1922;GCA
2488;1705;1709;GCF
2489;1631;1627;GCA
2490;3559;3544;GCA
2491;4252;4173;GCA
2492;4180;4032;GCA
2493;3938;3934;GCA
2494;3937;3930;GCA
2495;4116;4542;GCF
2496;3901;3848;GCA
2497;4416;4351;GCA
2498;5143;4945;GCA
2499;4289;4210;GCA
2500;4264;4380;GCF
2501;1698;1680;GCA
2502;1699;1611;GCA
2503;2005;1925;GCA
2504;1597;1547;GCA
2505;1729;1619;GCA
2506;2180;1705;GCA
2507;1761;1673;GCA
2508;2090;1854;GCA
2509;1991;1818;GCA
2510;3672;3658;GCA
2511;7049;7182;GCF
2512;5311;4903;GCA
2513;2825;2445;GCA
2514;2454;2166;GCA
2515;2080;2101;GCF
2516;2658;2570;GCA
2517;2527;2284;GCA
2518;2456;2357;GCA
2519;2575;2300;GCA
2520;2958;2947;GCA
2521;2337;2325;GCA
2522;2619;2321;GCA
2523;2430;2402;GCA
2524;3062;2836;GCA
2525;2832;2791;GCA
2526;2335;1996;GCA
2527;2215;2179;GCA
2528;2710;2591;GCA
2529;2071;2095;GCF
2530;244;2561;GCF
2531;2577;2364;GCA
2532;2690;2737;GCF
2533;2939;2415;GCA
2534;2437;2389;GCA
2535;2852;2476;GCA
2536;2352;2315;GCA
2537;5093;5100;GCF
2538;4403;4658;GCF
2539;2439;2517;GCF
2540;2544;2603;GCF
2541;2248;2195;GCA
2542;2783;2832;GCF
2543;3895;3854;GCA
2544;2081;2103;GCF
2545;2836;2873;GCF
2546;2971;2905;GCA
2547;3450;3247;GCA
2548;7070;7070;same
2549;3541;3504;GCA
2550;4521;4253;GCA
2551;4676;4380;GCA
2552;5638;5563;GCA
2553;4638;4624;GCA
2554;6020;5916;GCA
2555;5694;5746;GCF
2556;5316;5321;GCF
2557;4401;4378;GCA
2558;6241;6195;GCA
2559;4737;4634;GCA
2560;5467;5351;GCA
2561;5390;5352;GCA
2562;5979;5975;GCA
2563;5082;5024;GCA
2564;6593;6745;GCF
2565;4928;4890;GCA
2566;4980;4939;GCA
2567;6340;5843;GCA
2568;5913;5866;GCA
2569;5108;5108;same
2570;5818;5771;GCA
2571;5093;5078;GCA
2572;5656;5609;GCA
2573;5322;5254;GCA
2574;3275;3463;GCF
2575;5581;5456;GCA
2576;5981;6026;GCF
2577;3092;3049;GCA
2578;4565;4566;GCF
2579;5077;5076;GCA
2580;6111;6111;same
2581;5895;5730;GCA
2582;5674;5523;GCA
2583;2882;2857;GCA
2584;4880;4849;GCA
2585;3799;3750;GCA
2586;4811;4975;GCF
2587;5858;5757;GCA
2588;3594;3571;GCA
2589;5171;5158;GCA
2590;5137;5128;GCA
2591;5447;5437;GCA
2592;5372;5372;same
2593;5634;5717;GCF
2594;5158;4914;GCA
2595;6279;6174;GCA
2596;4502;4239;GCA
2597;5190;5209;GCF
2598;5080;5049;GCA
2599;6143;6071;GCA
2600;5284;5093;GCA
2601;3879;3840;GCA
2602;5056;4999;GCA
2603;5854;5809;GCA
2604;6224;6167;GCA
2605;4318;4330;GCF
2606;3736;3757;GCF
2607;5595;5500;GCA
2608;3407;3407;same
2609;6155;6138;GCA
2610;5167;5254;GCF
2611;4256;4208;GCA
2612;2858;2809;GCA
2613;4806;4766;GCA
2614;5053;5146;GCF
2615;3434;3426;GCA
2616;5402;5359;GCA
2617;4782;4793;GCF
2618;4434;4399;GCA
2619;5503;5195;GCA
2620;5603;5568;GCA
2621;3624;3593;GCA
2622;4335;4266;GCA
2623;5425;5428;GCF
2624;4570;4534;GCA
2625;4275;4282;GCF
2626;4300;4265;GCA
2627;6160;6046;GCA
2628;5180;5131;GCA
2629;4352;4244;GCA
2630;4776;4885;GCF
2631;5900;5884;GCA
2632;6850;6250;GCA
2633;4270;4261;GCA
2634;3935;3862;GCA
2635;3246;3225;GCA
2636;6148;6114;GCA
2637;6906;6898;GCA
2638;7784;7359;GCA
2639;4105;4155;GCF
2640;3485;3485;same
2641;3994;4005;GCF
2642;6696;6595;GCA
2643;7504;7429;GCA
2644;3300;3281;GCA
2645;4719;4582;GCA
2646;5695;5452;GCA
2647;1779;1731;GCA
2648;2145;2145;same
2649;2678;2694;GCF
2650;4684;4535;GCA
2651;5411;5305;GCA
2652;3634;3654;GCF
2653;4476;4418;GCA
2654;4323;4298;GCA
2655;3118;3142;GCF
2656;3003;3131;GCF
2657;3655;3648;GCA
2658;2741;2745;GCF
2659;3322;3376;GCF
2660;3646;3644;GCA
2661;2979;3000;GCF
2662;3369;3404;GCF
2663;1495;1486;GCA
2664;4294;4348;GCF
2665;2677;2694;GCF
2666;2511;2500;GCA
2667;2458;2465;GCF
2668;2337;2305;GCA
2669;2561;2594;GCF
2670;2953;2980;GCF
2671;2463;2424;GCA
2672;2296;2246;GCA
2673;2667;2656;GCA
2674;2521;2523;GCF
2675;2663;2615;GCA
2676;2893;3304;GCF
2677;2966;2794;GCA
2678;1285;1285;same
2679;3631;3602;GCA
2680;5807;5835;GCF
2681;2829;2835;GCF
2682;4022;3817;GCA
2683;2970;3021;GCF
2684;4275;4117;GCA
2685;4169;4189;GCF
2686;3866;3857;GCA
2687;3285;3292;GCF
2688;3725;3648;GCA
2689;2827;2725;GCA
2690;1997;2136;GCF
2691;3094;3040;GCA
2692;4586;4481;GCA
2693;3946;3852;GCA
2694;2685;2675;GCA
2695;3416;3383;GCA
2696;5227;5250;GCF
2697;4552;4689;GCF
2698;4799;4840;GCF
2699;5404;5362;GCA
2700;5799;5722;GCA
2701;4254;4277;GCF
2702;5857;5601;GCA
2703;5940;5803;GCA
2704;5394;5407;GCF
2705;3628;3631;GCF
2706;2609;2550;GCA
2707;2651;2667;GCF
2708;3804;3755;GCA
2709;5786;5589;GCA
2710;3576;3555;GCA
2711;3030;3088;GCF
2712;3656;3626;GCA
2713;6710;6664;GCA
2714;7356;6786;GCA
2715;5545;5287;GCA
2716;6422;6378;GCA
2717;4412;4468;GCF
2718;6128;6018;GCA
2719;6248;6186;GCA
2720;4531;4554;GCF
2721;4088;4116;GCF
2722;5913;5563;GCA
2723;5955;5890;GCA
2724;6427;6206;GCA
2725;6801;6744;GCA
2726;4578;4557;GCA
2727;6278;6120;GCA
2728;6059;6014;GCA
2729;6189;5869;GCA
2730;4659;4664;GCF
2731;5050;5009;GCA
2732;3101;3068;GCA
2733;3640;3554;GCA
2734;3325;3345;GCF
2735;4633;4576;GCA
2736;3609;3520;GCA
2737;3648;3562;GCA
2738;5828;5767;GCA
2739;7681;7430;GCA
2740;4314;4326;GCF
2741;3020;2995;GCA
2742;3301;3239;GCA
2743;3669;3686;GCF
2744;5517;5165;GCA
2745;3749;3716;GCA
2746;3958;3854;GCA
2747;2976;2929;GCA
2748;3719;3692;GCA
2749;3242;3232;GCA
2750;3048;3021;GCA
2751;4232;4184;GCA
2752;4764;4754;GCA
2753;5621;5346;GCA
2754;5735;5663;GCA
2755;2684;2728;GCF
2756;5247;3830;GCA
2757;4228;4221;GCA
2758;2921;2895;GCA
2759;3528;3527;GCA
2760;4124;4519;GCF
2761;1445;1433;GCA
2762;1167;1167;same
2763;5664;5636;GCA
2764;4226;4129;GCA
2765;3270;3055;GCA
2766;4150;4124;GCA
2767;2293;2282;GCA
2768;2382;2383;GCF
2769;1891;1828;GCA
2770;2560;2545;GCA
2771;2347;2363;GCF
2772;3306;3209;GCA
2773;3476;3419;GCA
2774;4010;3945;GCA
2775;3586;3535;GCA
2776;3857;3853;GCA
2777;3771;3743;GCA
2778;5033;4931;GCA
2779;3490;3349;GCA
2780;2697;2698;GCF
2781;2077;2052;GCA
2782;2160;2150;GCA
2783;2020;1880;GCA
2784;2832;2814;GCA
2785;2255;2281;GCF
2786;2839;2811;GCA
2787;4808;4797;GCA
2788;5339;5240;GCA
2789;3062;3080;GCF
2790;2969;2887;GCA
2791;4754;4745;GCA
2792;4622;4615;GCA
2793;4591;4595;GCF
2794;4674;4671;GCA
2795;4714;4735;GCF
2796;3917;3820;GCA
2797;4003;3921;GCA
2798;3097;3086;GCA
2799;3518;3464;GCA
2800;3361;3343;GCA
2801;3380;3473;GCF
2802;3311;3315;GCF
2803;4283;4199;GCA
2804;3944;3879;GCA
2805;3661;3645;GCA
2806;5503;5238;GCA
2807;3970;3920;GCA
2808;3958;3892;GCA
2809;3952;3929;GCA
2810;4429;4413;GCA
2811;4268;4247;GCA
2812;4039;4027;GCA
2813;4082;4027;GCA
2814;3779;3730;GCA
2815;4649;4523;GCA
2816;6312;6271;GCA
2817;5930;5901;GCA
2818;5936;5615;GCA
2819;4474;4418;GCA
2820;4169;4242;GCF
2821;2893;2893;same
2822;4168;4068;GCA
2823;4422;4291;GCA
2824;4692;4283;GCA
2825;2293;2182;GCA
2826;3317;3337;GCF
2827;3692;3724;GCF
2828;3380;3377;GCA
2829;3808;3783;GCA
2830;4225;4132;GCA
2831;4205;4250;GCF
2832;6246;6023;GCA
2833;4967;4942;GCA
2834;5064;5019;GCA
2835;7916;7891;GCA
2836;2149;2146;GCA
2837;1720;1690;GCA
2838;1648;1670;GCF
2839;2005;1992;GCA
2840;1799;1735;GCA
2841;3662;3677;GCF
2842;4742;4611;GCA
2843;4285;4339;GCF
2844;2867;2808;GCA
2845;3782;3779;GCA
2846;1871;1897;GCF
2847;3485;3464;GCA
2848;3407;3223;GCA
2849;4624;4695;GCF
2850;3680;3692;GCF
2851;4008;4012;GCF
2852;3757;3584;GCA
2853;3601;3610;GCF
2854;3829;3817;GCA
2855;4916;4928;GCF
2856;3523;3395;GCA
2857;4018;3870;GCA
2858;3518;3526;GCF
2859;3780;3659;GCA
2860;3709;3728;GCF
2861;4751;4773;GCF
2862;3993;4234;GCF
2863;4635;4668;GCF
2864;4045;4039;GCA
2865;4732;4758;GCF
2866;5877;5587;GCA
2867;3280;3167;GCA
2868;4032;4026;GCA
2869;4232;4060;GCA
2870;3649;3528;GCA
2871;3813;3638;GCA
2872;4579;4625;GCF
2873;3444;3326;GCA
2874;4215;4271;GCF
2875;3630;3589;GCA
2876;3257;3321;GCF
2877;4550;4636;GCF
2878;4615;4506;GCA
2879;3394;3520;GCF
2880;5220;5188;GCA
2881;3345;3280;GCA
2882;13;2598;GCF
2883;3811;3800;GCA
2884;2894;2854;GCA
2885;3646;3542;GCA
2886;2795;2724;GCA
2887;4291;4206;GCA
2888;3525;3604;GCF
2889;2356;2367;GCF
2890;3660;3606;GCA
2891;3219;3251;GCF
2892;3018;3017;GCA
2893;3698;3642;GCA
2894;4067;4113;GCF
2895;3582;3463;GCA
2896;2280;2301;GCF
2897;3082;3064;GCA
2898;2421;2488;GCF
2899;3376;3418;GCF
2900;3851;3958;GCF
2901;3942;3791;GCA
2902;3871;3864;GCA
2903;3826;3733;GCA
2904;4041;4062;GCF
2905;4119;3988;GCA
2906;3367;3424;GCF
2907;3100;3116;GCF
2908;3398;3391;GCA
2909;2892;2910;GCF
2910;1940;1951;GCF
2911;1918;1945;GCF
2912;6116;6098;GCA
2913;3497;3410;GCA
2914;2870;2793;GCA
2915;5147;5365;GCF
2916;2998;3027;GCF
2917;3133;3139;GCF
2918;6379;6399;GCF
2919;3295;3342;GCF
2920;3303;3175;GCA
2921;3804;3722;GCA
2922;2299;2310;GCF
2923;2677;2650;GCA
2924;2609;2533;GCA
2925;2233;2137;GCA
2926;2615;2721;GCF
2927;2769;2742;GCA
2928;2742;2807;GCF
2929;2582;2689;GCF
2930;2618;2717;GCF
2931;2384;2332;GCA
2932;2676;2625;GCA
2933;3645;3757;GCF
2934;3743;3726;GCA
2935;2071;2029;GCA
2936;5681;5718;GCF
2937;7440;7446;GCF
2938;1342;1306;GCA
2939;1442;1475;GCF
2940;1872;1834;GCA
2941;1911;1857;GCA
2942;1912;1884;GCA
2943;1796;1735;GCA
2944;2019;2020;GCF
2945;2204;2161;GCA
2946;2577;2524;GCA
2947;1983;1972;GCA
2948;2080;1955;GCA
2949;1998;1924;GCA
2950;2056;2045;GCA
2951;2147;2026;GCA
2952;1664;1720;GCF
2953;1638;1578;GCA
2954;2033;1783;GCA
2955;1619;1651;GCF
2956;1403;1413;GCF
2957;1933;1935;GCF
2958;2201;2030;GCA
2959;2034;1863;GCA
2960;2068;1940;GCA
2961;1937;1904;GCA
2962;2116;2037;GCA
2963;1943;1744;GCA
2964;1830;1734;GCA
2965;1745;1675;GCA
2966;1775;1695;GCA
2967;1654;1646;GCA
2968;1950;1935;GCA
2969;1960;1809;GCA
2970;2009;1556;GCA
2971;1908;1825;GCA
2972;2174;2135;GCA
2973;1992;1875;GCA
2974;1946;1921;GCA
2975;2030;1869;GCA
2976;1970;1788;GCA
2977;2082;1648;GCA
2978;1913;1870;GCA
2979;2203;2020;GCA
2980;1946;1892;GCA
2981;1851;1749;GCA
2982;2308;2291;GCA
2983;5143;5495;GCF
2984;7416;7156;GCA
2985;8624;8376;GCA
2986;5622;5416;GCA
2987;6328;5978;GCA
2988;8419;7847;GCA
2989;6872;6878;GCF
2990;7066;6862;GCA
2991;7322;7480;GCF
2992;7679;7254;GCA
2993;7296;6997;GCA
2994;6749;6343;GCA
2995;8385;8247;GCA
2996;7493;7136;GCA
2997;8438;8614;GCF
2998;8907;8951;GCF
2999;5733;5462;GCA
3000;8616;8314;GCA
3001;5395;4997;GCA
3002;6832;6813;GCA
3003;7980;8094;GCF
3004;6925;6806;GCA
3005;8475;7989;GCA
3006;10162;9716;GCA
3007;6648;6437;GCA
3008;8681;8447;GCA
3009;6784;6444;GCA
3010;7011;6950;GCA
3011;7955;7904;GCA
3012;9857;9316;GCA
3013;7370;7061;GCA
3014;6701;6526;GCA
3015;5767;5813;GCF
3016;6861;6561;GCA
3017;8180;7637;GCA
3018;8382;8044;GCA
3019;5975;6282;GCF
3020;6125;6099;GCA
3021;8640;8312;GCA
3022;5684;5495;GCA
3023;8080;8079;GCA
3024;6183;5879;GCA
3025;5436;5239;GCA
3026;8809;8809;same
3027;5874;5411;GCA
3028;5068;4908;GCA
3029;6427;6434;GCF
3030;5286;5098;GCA
3031;7356;7894;GCF
3032;7891;6961;GCA
3033;5490;5160;GCA
3034;6256;6276;GCF
3035;6873;6455;GCA
3036;8079;7705;GCA
3037;3974;4074;GCF
3038;3779;3833;GCF
3039;3386;3143;GCA
3040;2169;2002;GCA
3041;2287;2260;GCA
3042;2253;2224;GCA
3043;4171;3961;GCA
3044;3900;3789;GCA
3045;3554;3343;GCA
3046;3558;3510;GCA
3047;4081;3700;GCA
3048;3609;3493;GCA
3049;3437;3407;GCA
3050;3677;3702;GCF
3051;3121;3121;same
3052;2276;2197;GCA
3053;2798;2783;GCA
3054;2672;2659;GCA
3055;1632;1643;GCF
3056;2317;2386;GCF
3057;2180;2197;GCF
3058;2113;2057;GCA
3059;2355;2347;GCA
3060;2691;2474;GCA
3061;4297;4253;GCA
3062;3141;3349;GCF
3063;3433;3363;GCA
3064;3804;3458;GCA
3065;4035;3992;GCA
3066;3700;3884;GCF
3067;1577;1552;GCA
3068;5355;5386;GCF
3069;2925;2892;GCA
3070;3127;3114;GCA
3071;3123;3061;GCA
3072;3011;3039;GCF
3073;2876;2929;GCF
3074;3101;3101;same
3075;2661;2648;GCA
3076;6059;5769;GCA
3077;3091;3028;GCA
3078;2256;2256;same
3079;2599;2659;GCF
3080;2690;2552;GCA
3081;2637;2639;GCF
3082;3032;2938;GCA
3083;2758;2700;GCA
3084;2068;2103;GCF
3085;3371;3359;GCA
3086;4085;3956;GCA
3087;3230;3532;GCF
3088;3715;3634;GCA
3089;3712;3741;GCF
3090;4245;3886;GCA
3091;2873;2899;GCF
3092;3015;3042;GCF
3093;3263;3458;GCF
3094;2296;2296;same
3095;2912;2847;GCA
3096;2896;2903;GCF
3097;3083;3137;GCF
3098;2483;2452;GCA
3099;2476;2449;GCA
3100;2439;2446;GCF
3101;3282;3102;GCA
3102;4312;4197;GCA
3103;3978;3914;GCA
3104;4066;3874;GCA
3105;5553;5481;GCA
3106;4979;4983;GCF
3107;4032;3924;GCA
3108;3833;3805;GCA
3109;4376;4420;GCF
3110;5461;6214;GCF
3111;3213;3253;GCF
3112;3713;3934;GCF
3113;4070;3960;GCA
3114;4351;4287;GCA
3115;3541;3472;GCA
3116;3307;3319;GCF
3117;3158;3161;GCF
3118;2327;2208;GCA
3119;2243;2173;GCA
3120;2392;2366;GCA
3121;2253;2324;GCF
3122;2381;2328;GCA
3123;10306;9737;GCA
3124;1938;1935;GCA
3125;2618;2550;GCA
3126;2017;2057;GCF
3127;1463;1483;GCF
3128;2117;2168;GCF
3129;2195;2207;GCF
3130;2147;2168;GCF
3131;1453;1705;GCF
3132;1753;1738;GCA
3133;1523;1523;same
3134;1413;1413;same
3135;2964;2898;GCA
3136;4575;4673;GCF
3137;1564;1572;GCF
3138;1387;1395;GCF
3139;1875;1861;GCA
3140;2224;2160;GCA
3141;2332;2194;GCA
3142;4142;4074;GCA
3143;3566;3516;GCA
3144;4049;4058;GCF
3145;3690;3751;GCF
3146;3260;3194;GCA
3147;2570;2564;GCA
3148;3299;3323;GCF
3149;3767;3726;GCA
3150;4483;4474;GCA
3151;2535;2526;GCA
3152;6376;6326;GCA
3153;3035;2952;GCA
3154;2751;2740;GCA
3155;2789;2815;GCF
3156;2446;2334;GCA
3157;2193;2183;GCA
3158;2815;2774;GCA
3159;6501;6492;GCA
3160;5257;5268;GCF
3161;5407;5253;GCA
3162;5983;5977;GCA
3163;4579;4467;GCA
3164;4497;4365;GCA
3165;3870;3795;GCA
3166;4410;4257;GCA
3167;4212;4154;GCA
3168;4798;4706;GCA
3169;1821;1792;GCA
3170;1984;2050;GCF
3171;4617;4773;GCF
3172;4556;4504;GCA
3173;4274;4401;GCF
3174;4628;4749;GCF
3175;4379;4388;GCF
3176;4452;4665;GCF
3177;4397;4311;GCA
3178;5233;5022;GCA
3179;3366;3326;GCA
3180;2414;2395;GCA
3181;3849;3814;GCA
3182;3329;3321;GCA
3183;4143;4133;GCA
3184;5719;5618;GCA
3185;3359;3359;same
3186;5704;5646;GCA
3187;3553;3830;GCF
3188;2766;2797;GCF
3189;2004;2086;GCF
3190;1780;1805;GCF
3191;2321;2313;GCA
3192;2680;2711;GCF
3193;2360;2369;GCF
3194;2901;2891;GCA
3195;1964;1968;GCF
3196;2199;2216;GCF
3197;3658;3746;GCF
3198;4739;4718;GCA
3199;4098;4095;GCA
3200;4169;4184;GCF
3201;5721;5751;GCF
3202;2812;2789;GCA
3203;1809;1806;GCA
3204;1929;1925;GCA
3205;2296;2280;GCA
3206;1828;1801;GCA
3207;1951;1927;GCA
3208;2413;2495;GCF
3209;6178;5970;GCA
3210;1637;1640;GCF
3211;4598;4530;GCA
3212;4756;4677;GCA
3213;3477;3448;GCA
3214;3997;3956;GCA
3215;3972;4057;GCF
3216;3469;3446;GCA
3217;3915;3887;GCA
3218;5094;5070;GCA
3219;5339;4853;GCA
3220;4550;4626;GCF
3221;4462;4382;GCA
3222;3604;3675;GCF
3223;4112;4037;GCA
3224;4163;4148;GCA
3225;3827;3769;GCA
3226;3873;3821;GCA
3227;3541;3624;GCF
3228;3330;3282;GCA
3229;3898;3858;GCA
3230;4058;4095;GCF
3231;4350;4344;GCA
3232;4285;4148;GCA
3233;4695;4592;GCA
3234;4635;4384;GCA
3235;7324;4747;GCA
3236;2518;2533;GCF
3237;4555;4541;GCA
3238;3915;3756;GCA
3239;3713;3751;GCF
3240;4387;4116;GCA
3241;3967;3999;GCF
3242;4154;4143;GCA
3243;3788;3803;GCF
3244;3970;3935;GCA
3245;3650;3625;GCA
3246;4253;4413;GCF
3247;3734;3718;GCA
3248;10485;10238;GCA
3249;4221;4262;GCF
3250;4275;4424;GCF
3251;2077;2075;GCA
3252;2117;2170;GCF
3253;1740;1722;GCA
3254;2299;2280;GCA
3255;2142;2143;GCF
3256;2087;2088;GCF
3257;2023;2009;GCA
3258;1511;1511;same
3259;1795;1788;GCA
3260;1920;1893;GCA
3261;4066;3943;GCA
3262;2983;3001;GCF
3263;5111;4957;GCA
3264;4076;4076;same
3265;6025;5871;GCA
3266;4716;4735;GCF
3267;4112;4058;GCA
3268;3658;3423;GCA
3269;2123;2115;GCA
3270;3398;3362;GCA
3271;2814;2800;GCA
3272;3169;3143;GCA
3273;3571;3523;GCA
3274;1979;1980;GCF
3275;2909;2872;GCA
3276;4800;4800;same
3277;4021;3207;GCA
3278;4269;4210;GCA
3279;3757;3364;GCA
3280;3544;3222;GCA
3281;3869;3945;GCF
3282;3474;3371;GCA
3283;4199;4210;GCF
3284;3511;3512;GCF
3285;5238;5264;GCF
3286;3287;3295;GCF
3287;4192;4088;GCA
3288;4103;3818;GCA
3289;3529;3509;GCA
3290;4272;4186;GCA
3291;3924;3925;GCF
3292;4784;4594;GCA
3293;4152;4152;same
3294;3878;3767;GCA
3295;4135;4167;GCF
3296;3273;3268;GCA
3297;4536;4157;GCA
3298;3294;3255;GCA
3299;3816;3759;GCA
3300;3511;3474;GCA
3301;3188;3161;GCA
3302;4407;4463;GCF
3303;2926;2897;GCA
3304;4690;4746;GCF
3305;3712;3760;GCF
3306;3264;3274;GCF
3307;1748;1726;GCA